entity,code,year,ny_gdp_pcap_pp_kd
Aruba,ABW,2024,45428.004
Afghanistan,AFG,2024,1964.4523
Angola,AGO,2025,8760.19
Albania,ALB,2025,22724.293
Andorra,AND,2025,67993.055
United Arab Emirates,ARE,2024,69701.79
Argentina,ARG,2025,27846.598
Armenia,ARM,2025,21153.479
Antigua and Barbuda,ATG,2025,30620.307
Australia,AUS,2025,60194.062
Austria,AUT,2025,63970.402
Azerbaijan,AZE,2025,22314.217
Burundi,BDI,2025,1066.513
Belgium,BEL,2025,63488.42
Benin,BEN,2025,4116.2153
Burkina Faso,BFA,2025,2624.8286
Bangladesh,BGD,2025,8676.756
Bulgaria,BGR,2025,35325.53
Bahrain,BHR,2025,60669.63
Bahamas,BHS,2024,36244.05
Bosnia and Herzegovina,BIH,2025,21178.227
Belarus,BLR,2025,29666.21
Belize,BLZ,2025,12788.843
Bermuda,BMU,2024,104299.945
Bolivia,BOL,2025,11000.534
Brazil,BRA,2025,20024.697
Barbados,BRB,2025,22127.361
Brunei,BRN,2025,78985.125
Bhutan,BTN,2025,16743.871
Botswana,BWA,2025,17687.205
Central African Republic,CAF,2025,1122.7609
Canada,CAN,2025,57989.58
Switzerland,CHE,2025,85732.11
Chile,CHL,2025,30863.422
China,CHN,2025,25066.521
Cote d'Ivoire,CIV,2025,7014.8457
Cameroon,CMR,2025,4945.9565
Democratic Republic of Congo,COD,2025,1640.5662
Congo,COG,2025,6194.09
Colombia,COL,2025,18778.648
Comoros,COM,2025,3621.7664
Cape Verde,CPV,2025,10395.741
Costa Rica,CRI,2025,28443.412
Curacao,CUW,2024,28762.059
Cayman Islands,CYM,2024,80996.65
Cyprus,CYP,2025,54103.26
Czechia,CZE,2025,49292.49
Germany,DEU,2025,62823.773
Djibouti,DJI,2025,7222.55
Dominica,DMA,2025,19409.291
Denmark,DNK,2025,72723.27
Dominican Republic,DOM,2025,24543.342
Algeria,DZA,2025,15882.714
Ecuador,ECU,2025,14319.24
Egypt,EGY,2025,17265.148
Spain,ESP,2025,49318.105
Estonia,EST,2025,41604.324
Ethiopia,ETH,2025,3094.8682
Finland,FIN,2025,55735.22
Fiji,FJI,2025,13961.118
France,FRA,2025,55124.54
Faroe Islands,FRO,2024,72113.65
Micronesia (country),FSM,2025,3934.6426
Gabon,GAB,2025,18986.475
United Kingdom,GBR,2025,53993.117
Georgia,GEO,2025,25135.783
Ghana,GHA,2025,7357.8335
Guinea,GIN,2025,4216.86
Gambia,GMB,2025,3166.6213
Guinea-Bissau,GNB,2025,2814.0835
Equatorial Guinea,GNQ,2025,13786.394
Greece,GRC,2025,38218.723
Grenada,GRD,2025,18240.994
Greenland,GRL,2023,71037.54
Guatemala,GTM,2025,12986.524
Guyana,GUY,2025,83658.68
Hong Kong,HKG,2025,68724.555
Honduras,HND,2025,6726.167
Croatia,HRV,2025,44172.043
Haiti,HTI,2025,2677.8938
Hungary,HUN,2025,41160.64
Indonesia,IDN,2025,15091.009
India,IND,2025,10039.071
Ireland,IRL,2025,131338.44
Iran,IRN,2025,16833.781
Iraq,IRQ,2025,12191.557
Iceland,ISL,2025,68064.69
Israel,ISR,2025,48196.633
Italy,ITA,2025,53606.08
Jamaica,JAM,2025,11357.916
Jordan,JOR,2025,10794.24
Japan,JPN,2025,48283.37
Kazakhstan,KAZ,2025,37850.58
Kenya,KEN,2025,5995.402
Kyrgyzstan,KGZ,2025,7878.449
Cambodia,KHM,2025,7300.0806
Kiribati,KIR,2025,3363.995
Saint Kitts and Nevis,KNA,2025,31427.662
South Korea,KOR,2025,55697.086
Kuwait,KWT,2025,48253.965
Laos,LAO,2025,8872.694
Lebanon,LBN,2024,10469.221
Liberia,LBR,2025,1692.9259
Libya,LBY,2025,14118.206
Saint Lucia,LCA,2025,24502.963
Sri Lanka,LKA,2025,14582.761
Lesotho,LSO,2025,2720.9573
Lithuania,LTU,2025,48839.543
Luxembourg,LUX,2025,127420.6
Latvia,LVA,2025,38800.543
Macao,MAC,2025,117098.27
Morocco,MAR,2025,9495.405
Moldova,MDA,2025,17087.188
Madagascar,MDG,2025,1668.477
Maldives,MDV,2025,24401.316
Mexico,MEX,2025,21911.93
Marshall Islands,MHL,2025,7660.377
North Macedonia,MKD,2025,25094.623
Mali,MLI,2025,2993.2517
Malta,MLT,2025,63655.516
Myanmar,MMR,2025,5137.1006
Montenegro,MNE,2025,28895.316
Mongolia,MNG,2025,17772.535
Mozambique,MOZ,2025,1450.9596
Mauritania,MRT,2025,6559.0435
Mauritius,MUS,2025,28769.514
Malawi,MWI,2025,1623.0217
Malaysia,MYS,2025,35461.445
Namibia,NAM,2025,10242.284
Niger,NER,2025,1860.5486
Nigeria,NGA,2025,8145.148
Nicaragua,NIC,2025,7933.489
Netherlands,NLD,2025,71378.484
Norway,NOR,2025,95173.43
Nepal,NPL,2025,5276.924
Nauru,NRU,2025,12134.892
New Zealand,NZL,2025,48232.664
Oman,OMN,2025,36142.945
Pakistan,PAK,2025,5617.251
Panama,PAN,2025,37516.18
Peru,PER,2025,16079.125
Philippines,PHL,2025,10747.546
Palau,PLW,2025,19698.594
Papua New Guinea,PNG,2025,4456.231
Poland,POL,2025,46924.59
Puerto Rico,PRI,2025,44603.22
Portugal,PRT,2025,42576.812
Paraguay,PRY,2025,17245.846
Palestine,PSE,2025,4272.4575
Qatar,QAT,2025,110135.695
Romania,ROU,2025,40845.984
Russia,RUS,2025,42357.99
Rwanda,RWA,2025,3558.68
Saudi Arabia,SAU,2025,63051.047
Sudan,SDN,2025,1873.3856
Senegal,SEN,2025,4668.5415
Singapore,SGP,2025,139592.61
Solomon Islands,SLB,2025,2382.1313
Sierra Leone,SLE,2025,3176.2368
El Salvador,SLV,2025,12050.028
San Marino,SMR,2023,70951.79
Somalia,SOM,2025,1403.8138
Serbia,SRB,2025,27603.393
Sao Tome and Principe,STP,2025,5459.213
Suriname,SUR,2025,19357.39
Slovakia,SVK,2025,40689.816
Slovenia,SVN,2025,49091.02
Sweden,SWE,2025,63362.46
Eswatini,SWZ,2025,10706.777
Sint Maarten (Dutch part),SXM,2025,48273.426
Seychelles,SYC,2025,30638.723
Syria,SYR,2022,4579.44
Turks and Caicos Islands,TCA,2024,33390.527
Chad,TCD,2025,2480.5095
Togo,TGO,2025,3485.982
Thailand,THA,2025,22431.752
Tajikistan,TJK,2025,5061.847
Turkmenistan,TKM,2025,19313.943
East Timor,TLS,2025,4109.9043
Tonga,TON,2025,7412.866
Trinidad and Tobago,TTO,2025,31721.576
Tunisia,TUN,2025,13017.634
Turkey,TUR,2025,37300.75
Tuvalu,TUV,2025,5776.0786
Tanzania,TZA,2025,3820.6118
Uganda,UGA,2025,2980.3794
Ukraine,UKR,2025,16155.073
Uruguay,URY,2025,32741.625
United States,USA,2025,76931.31
Uzbekistan,UZB,2025,11622.855
Saint Vincent and the Grenadines,VCT,2025,19483.014
United States Virgin Islands,VIR,2022,46479.3
Vietnam,VNM,2025,15457.35
Vanuatu,VUT,2025,3866.998
East Asia and Pacific (WB),WB_EAP,2025,25109.709
Europe and Central Asia (WB),WB_ECA,2025,45607.938
Latin America and Caribbean (WB),WB_LAC,2025,20286.729
"Middle East, North Africa, Afghanistan and Pakistan (WB)",WB_MENAP,2025,14512.003
North America (WB),WB_NA,2025,74879.07
South Asia (WB),WB_SA,2025,9880.356
Sub-Saharan Africa (WB),WB_SSA,2025,4963.376
Samoa,WSM,2025,7963.4277
South Africa,ZAF,2025,13592.049
Zambia,ZMB,2025,3742.2563
Zimbabwe,ZWE,2025,5529.233
