entity,code,year,mismanaged_waste_emitted_to_the_ocean__metric_tons_year_1
Angola,AGO,2019,860
Albania,ALB,2019,1565
United Arab Emirates,ARE,2019,14
Argentina,ARG,2019,4137
Antigua and Barbuda,ATG,2019,2
Australia,AUS,2019,32
Belgium,BEL,2019,34
Benin,BEN,2019,1639
Burkina Faso,BFA,2019,0
Bangladesh,BGD,2019,24640
Bulgaria,BGR,2019,7
Bahrain,BHR,2019,0
Bahamas,BHS,2019,20
Bosnia and Herzegovina,BIH,2019,6
Belize,BLZ,2019,374
Brazil,BRA,2019,37799
Barbados,BRB,2019,45
Brunei,BRN,2019,134
Canada,CAN,2019,238
Chile,CHL,2019,322
China,CHN,2019,70707
Cote d'Ivoire,CIV,2019,4784
Cameroon,CMR,2019,10671
Democratic Republic of Congo,COD,2019,420
Congo,COG,2019,676
Colombia,COL,2019,431
Comoros,COM,2019,0
Cape Verde,CPV,2019,0
Costa Rica,CRI,2019,450
Cyprus,CYP,2019,3
Germany,DEU,2019,134
Djibouti,DJI,2019,4
Dominica,DMA,2019,53
Denmark,DNK,2019,9
Dominican Republic,DOM,2019,6276
Algeria,DZA,2019,5774
Ecuador,ECU,2019,1136
Egypt,EGY,2019,2471
Eritrea,ERI,2019,48
Western Sahara,ESH,2019,38
Spain,ESP,2019,235
Estonia,EST,2019,12
Finland,FIN,2019,0
Fiji,FJI,2019,365
France,FRA,2019,235
Gabon,GAB,2019,445
United Kingdom,GBR,2019,703
Georgia,GEO,2019,3
Ghana,GHA,2019,4185
Guinea,GIN,2019,2347
Guadeloupe,GLP,2019,4
Gambia,GMB,2019,421
Guinea-Bissau,GNB,2019,247
Equatorial Guinea,GNQ,2019,405
Greece,GRC,2019,216
Grenada,GRD,2019,130
Guatemala,GTM,2019,7142
French Guiana,GUF,2019,7
Guyana,GUY,2019,1246
Hong Kong,HKG,2019,112
Honduras,HND,2019,2436
Croatia,HRV,2019,224
Haiti,HTI,2019,6929
Indonesia,IDN,2019,56333
India,IND,2019,126513
Ireland,IRL,2019,115
Iran,IRN,2019,928
Iraq,IRQ,2019,67
Iceland,ISL,2019,0
Israel,ISR,2019,33
Italy,ITA,2019,414
Jamaica,JAM,2019,2334
Jordan,JOR,2019,1
Japan,JPN,2019,1835
Kazakhstan,KAZ,2019,13
Kenya,KEN,2019,259
Cambodia,KHM,2019,1113
Kiribati,KIR,2019,0
Saint Kitts and Nevis,KNA,2019,1
South Korea,KOR,2019,387
Kuwait,KWT,2019,7
Lebanon,LBN,2019,684
Liberia,LBR,2019,2638
Libya,LBY,2019,879
Saint Lucia,LCA,2019,449
Sri Lanka,LKA,2019,9654
Lesotho,LSO,2019,0
Lithuania,LTU,2019,7
Latvia,LVA,2019,9
Morocco,MAR,2019,1800
Monaco,MCO,2019,0
Madagascar,MDG,2019,775
Maldives,MDV,2019,0
Mexico,MEX,2019,3512
Marshall Islands,MHL,2019,0
Malta,MLT,2019,0
Myanmar,MMR,2019,2544
Montenegro,MNE,2019,0
Mozambique,MOZ,2019,2544
Mauritania,MRT,2019,127
Martinique,MTQ,2019,22
Mauritius,MUS,2019,0
Malaysia,MYS,2019,73098
Namibia,NAM,2019,2
Nigeria,NGA,2019,18640
Nicaragua,NIC,2019,1465
Netherlands,NLD,2019,271
Norway,NOR,2019,0
New Zealand,NZL,2019,68
Oman,OMN,2019,1
Pakistan,PAK,2019,873
Panama,PAN,2019,5237
Peru,PER,2019,259
Philippines,PHL,2019,356371
Palau,PLW,2019,7
Papua New Guinea,PNG,2019,3059
Poland,POL,2019,29
Puerto Rico,PRI,2019,71
North Korea,PRK,2019,50
Portugal,PRT,2019,76
Palestine,PSE,2019,118
Qatar,QAT,2019,0
Reunion,REU,2019,0
Romania,ROU,2019,80
Russia,RUS,2019,542
Saudi Arabia,SAU,2019,3
Sudan,SDN,2019,106
Senegal,SEN,2019,169
Singapore,SGP,2019,164
Solomon Islands,SLB,2019,100
Sierra Leone,SLE,2019,3624
El Salvador,SLV,2019,808
Somalia,SOM,2019,2
Sao Tome and Principe,STP,2019,77
Suriname,SUR,2019,1677
Slovakia,SVK,2019,0
Slovenia,SVN,2019,11
Sweden,SWE,2019,36
Seychelles,SYC,2019,0
Syria,SYR,2019,44
Togo,TGO,2019,436
Thailand,THA,2019,22806
East Timor,TLS,2019,715
Tonga,TON,2019,0
Trinidad and Tobago,TTO,2019,3557
Tunisia,TUN,2019,688
Turkey,TUR,2019,14329
Taiwan,TWN,2019,531
Tanzania,TZA,2019,5785
Ukraine,UKR,2019,859
Uruguay,URY,2019,998
United States,USA,2019,2431
Saint Vincent and the Grenadines,VCT,2019,81
Venezuela,VEN,2019,5988
Vietnam,VNM,2019,28221
Samoa,WSM,2019,0
Yemen,YEM,2019,252
South Africa,ZAF,2019,4266
Zimbabwe,ZWE,2019,0
