entity,code,year,mismanaged_plastic_waste_per_capita__kg_per_year
Angola,AGO,2019,7.4452786
Albania,ALB,2019,24.239153
United Arab Emirates,ARE,2019,0.52553475
Argentina,ARG,2019,10.401912
Antigua and Barbuda,ATG,2019,6.4639177
Australia,AUS,2019,0.20894338
Belgium,BEL,2019,0.19793743
Benin,BEN,2019,11.298618
Burkina Faso,BFA,2019,15.61429
Bangladesh,BGD,2019,6.2681084
Bulgaria,BGR,2019,0.4452857
Bahrain,BHR,2019,0.63558805
Bahamas,BHS,2019,5.686375
Bosnia and Herzegovina,BIH,2019,16.828537
Belize,BLZ,2019,15.438461
Brazil,BRA,2019,15.620469
Barbados,BRB,2019,3.0383275
Brunei,BRN,2019,1.5981524
Canada,CAN,2019,0.63048303
Chile,CHL,2019,1.623417
China,CHN,2019,8.559308
Cote d'Ivoire,CIV,2019,11.339348
Cameroon,CMR,2019,22.368141
Democratic Republic of Congo,COD,2019,15.781936
Congo,COG,2019,12.133618
Colombia,COL,2019,1.6975704
Comoros,COM,2019,69.51586
Cape Verde,CPV,2019,6.4872727
Costa Rica,CRI,2019,1.139263
Cyprus,CYP,2019,0.69808173
Germany,DEU,2019,0.6067747
Djibouti,DJI,2019,10.563655
Dominica,DMA,2019,15.027778
Denmark,DNK,2019,0.067567565
Dominican Republic,DOM,2019,18.066673
Algeria,DZA,2019,17.758995
Ecuador,ECU,2019,6.2620583
Egypt,EGY,2019,14.299618
Eritrea,ERI,2019,24.045753
Western Sahara,ESH,2019,7.0687284
Spain,ESP,2019,0.4354152
Estonia,EST,2019,0.4524887
Finland,FIN,2019,0.47378886
Fiji,FJI,2019,4.334831
France,FRA,2019,0.42653155
Gabon,GAB,2019,2.7570179
United Kingdom,GBR,2019,0.4429735
Georgia,GEO,2019,0.0768076
Ghana,GHA,2019,17.095207
Guinea,GIN,2019,11.588521
Guadeloupe,GLP,2019,0.405
Gambia,GMB,2019,14.946763
Guinea-Bissau,GNB,2019,10.653306
Equatorial Guinea,GNQ,2019,6.9343657
Greece,GRC,2019,0.4302492
Grenada,GRD,2019,12.116072
Guatemala,GTM,2019,17.689722
French Guiana,GUF,2019,0.4329897
Guyana,GUY,2019,35.20434
Hong Kong,HKG,2019,0.7774341
Honduras,HND,2019,14.979992
Croatia,HRV,2019,4.247942
Haiti,HTI,2019,21.128296
Indonesia,IDN,2019,3.0456574
India,IND,2019,9.509608
Ireland,IRL,2019,0.5479312
Iran,IRN,2019,5.98168
Iraq,IRQ,2019,12.510074
Iceland,ISL,2019,0.44542772
Israel,ISR,2019,0.7113511
Italy,ITA,2019,0.64084226
Jamaica,JAM,2019,16.84973
Jordan,JOR,2019,12.316868
Japan,JPN,2019,0.28128645
Kazakhstan,KAZ,2019,2.9239395
Kenya,KEN,2019,5.514456
Cambodia,KHM,2019,15.011524
Kiribati,KIR,2019,0.62711865
Saint Kitts and Nevis,KNA,2019,1.8301886
South Korea,KOR,2019,0.237306
Kuwait,KWT,2019,0.62752557
Lebanon,LBN,2019,6.800175
Liberia,LBR,2019,8.087908
Libya,LBY,2019,27.819832
Saint Lucia,LCA,2019,23.36612
Sri Lanka,LKA,2019,7.2906585
Lesotho,LSO,2019,14.301647
Lithuania,LTU,2019,0.37572464
Latvia,LVA,2019,0.5007866
Morocco,MAR,2019,8.101777
Monaco,MCO,2019,0.12820512
Madagascar,MDG,2019,0.93626016
Maldives,MDV,2019,0.11299435
Mexico,MEX,2019,3.3753526
Marshall Islands,MHL,2019,0.27118644
Malta,MLT,2019,0.58863634
Myanmar,MMR,2019,8.038339
Montenegro,MNE,2019,0.025477707
Mozambique,MOZ,2019,14.306527
Mauritania,MRT,2019,4.5947857
Martinique,MTQ,2019,0.36968085
Mauritius,MUS,2019,0.23543307
Malaysia,MYS,2019,25.491518
Namibia,NAM,2019,8.373548
Nigeria,NGA,2019,9.698006
Nicaragua,NIC,2019,16.935839
Netherlands,NLD,2019,0.890975
Norway,NOR,2019,0.2777468
New Zealand,NZL,2019,0.3583525
Oman,OMN,2019,0.25145727
Pakistan,PAK,2019,6.2173486
Panama,PAN,2019,8.558408
Peru,PER,2019,4.315995
Philippines,PHL,2019,37.23096
Palau,PLW,2019,6.4444447
Papua New Guinea,PNG,2019,13.621012
Poland,POL,2019,0.37278295
Puerto Rico,PRI,2019,0.44084555
North Korea,PRK,2019,0.01254578
Portugal,PRT,2019,0.373362
Palestine,PSE,2019,0.42742422
Qatar,QAT,2019,0.54096043
Reunion,REU,2019,0.26209223
Romania,ROU,2019,2.6935709
Russia,RUS,2019,2.4911497
Saudi Arabia,SAU,2019,0.20940208
Sudan,SDN,2019,18.256721
Senegal,SEN,2019,4.0292096
Singapore,SGP,2019,0.42522398
Solomon Islands,SLB,2019,5.2537313
Sierra Leone,SLE,2019,11.677845
El Salvador,SLV,2019,3.3611715
Somalia,SOM,2019,0.002719679
Sao Tome and Principe,STP,2019,9.623256
Suriname,SUR,2019,39.4716
Slovakia,SVK,2019,0.31500825
Slovenia,SVN,2019,0.4059644
Sweden,SWE,2019,0.4239737
Seychelles,SYC,2019,0.33673468
Syria,SYR,2019,0.029408319
Togo,TGO,2019,15.068423
Thailand,THA,2019,19.557205
East Timor,TLS,2019,13.336427
Tonga,TON,2019,6.4038463
Trinidad and Tobago,TTO,2019,52.42939
Tunisia,TUN,2019,24.757418
Turkey,TUR,2019,19.850294
Taiwan,TWN,2019,0.3155548
Tanzania,TZA,2019,29.590553
Ukraine,UKR,2019,8.950698
Uruguay,URY,2019,26.753323
United States,USA,2019,0.8128151
Saint Vincent and the Grenadines,VCT,2019,11.126126
Venezuela,VEN,2019,23.545763
Vietnam,VNM,2019,11.536045
Samoa,WSM,2019,8.822335
Yemen,YEM,2019,10.004012
South Africa,ZAF,2019,12.098552
Zimbabwe,ZWE,2019,35.839195
