entity,code,year,_6_3_2__en_h2o_wbambq
Angola,AGO,2023,75.25
Albania,ALB,2023,39.06
Andorra,AND,2023,68
United Arab Emirates,ARE,2023,100
Argentina,ARG,2023,62.2
Antigua and Barbuda,ATG,2023,0
Australia,AUS,2023,83.76
Austria,AUT,2023,82.26
Azerbaijan,AZE,2023,56.6
Burundi,BDI,2023,100
Belgium,BEL,2023,26.25
Benin,BEN,2023,89.39
Burkina Faso,BFA,2023,8.99
Bulgaria,BGR,2023,32.68
Bahrain,BHR,2023,4.5
Bahamas,BHS,2023,64.71
Bosnia and Herzegovina,BIH,2023,30.58
Belarus,BLR,2023,69.22
Belize,BLZ,2023,78.95
Bolivia,BOL,2023,55.56
Brazil,BRA,2023,68.23
Botswana,BWA,2023,83.81
Canada,CAN,2023,87.95
Switzerland,CHE,2023,79.41
Chile,CHL,2023,73.06
China,CHN,2023,88.52
Cote d'Ivoire,CIV,2023,76.92
Cameroon,CMR,2023,40
Democratic Republic of Congo,COD,2023,66
Colombia,COL,2023,52.58
Cape Verde,CPV,2023,89
Costa Rica,CRI,2023,63.92
Cyprus,CYP,2023,75
Czechia,CZE,2023,15.53
Germany,DEU,2023,76.7
Denmark,DNK,2023,29.31
Dominican Republic,DOM,2023,88.24
Spain,ESP,2023,21.6
Estonia,EST,2023,18.5
Ethiopia,ETH,2023,72.73
Finland,FIN,2023,59.71
Fiji,FJI,2023,100
France,FRA,2023,85.26
Gabon,GAB,2023,93.55
United Kingdom,GBR,2023,32.88
Georgia,GEO,2023,92
Ghana,GHA,2023,83
Guinea,GIN,2023,80.89
Gambia,GMB,2023,58
Greece,GRC,2023,20.37
Guyana,GUY,2023,67.76
Croatia,HRV,2023,90.91
Hungary,HUN,2023,33.34
Indonesia,IDN,2023,5
India,IND,2023,10
Ireland,IRL,2023,58.2
Iraq,IRQ,2023,57.14
Iceland,ISL,2023,50
Israel,ISR,2023,40
Italy,ITA,2023,50.66
Jamaica,JAM,2023,62.98
Jordan,JOR,2020,100
Japan,JPN,2023,57.14
Kazakhstan,KAZ,2023,48.86
Kenya,KEN,2023,37.05
Saint Kitts and Nevis,KNA,2023,82
South Korea,KOR,2023,93.56
Laos,LAO,2023,80
Lebanon,LBN,2023,29.09
Liberia,LBR,2023,50
Liechtenstein,LIE,2023,80.2
Lesotho,LSO,2023,64.71
Lithuania,LTU,2023,22.36
Luxembourg,LUX,2023,0
Latvia,LVA,2023,83.76
Morocco,MAR,2023,79.15
Moldova,MDA,2023,51.08
Madagascar,MDG,2023,90.67
Mexico,MEX,2023,56.89
Marshall Islands,MHL,2023,87
North Macedonia,MKD,2023,72.22
Mali,MLI,2023,70
Malta,MLT,2023,6.67
Montenegro,MNE,2023,95.35
Malawi,MWI,2023,75.25
Namibia,NAM,2023,63
Niger,NER,2020,80
Nigeria,NGA,2023,50.78
Netherlands,NLD,2023,12.67
Norway,NOR,2023,100
New Zealand,NZL,2023,57.93
Oman,OMN,2023,74
Panama,PAN,2023,75.23
Peru,PER,2023,37.44
Poland,POL,2023,67.59
Portugal,PRT,2023,52.94
Paraguay,PRY,2023,71.61
Qatar,QAT,2023,50
Romania,ROU,2023,50.86
Russia,RUS,2023,100
Rwanda,RWA,2023,77.78
Sudan,SDN,2023,100
Senegal,SEN,2023,44.44
Singapore,SGP,2023,100
Sierra Leone,SLE,2023,70
El Salvador,SLV,2023,51
Serbia,SRB,2023,50.79
South Sudan,SSD,2023,100
Slovakia,SVK,2023,61.44
Slovenia,SVN,2023,86.81
Sweden,SWE,2023,48.37
Eswatini,SWZ,2023,70
Togo,TGO,2020,100
Thailand,THA,2023,36.76
Turkmenistan,TKM,2023,75.06
Trinidad and Tobago,TTO,2023,87.5
Tunisia,TUN,2023,84.94
Turkey,TUR,2023,78.45
Tanzania,TZA,2023,88.89
Uganda,UGA,2023,84.09
Africa (UN),UN_AFR,2023,78.8
Asia (UN),UN_ASI,2023,76.6
Europe (UN),UN_EUR,2023,51.9
Latin America and the Caribbean (UN),UN_LAC,2023,57.4
Northern America (UN),UN_NAM,2023,42.9
Oceania (UN),UN_OCE,2023,80.9
Australia and New Zealand (UN SDG),UNSDG_ANZ,2023,80.6
Central and Southern Asia (UN SDG),UNSDG_CSA,2023,37.4
Europe and Northern America (UN SDG),UNSDG_ENA,2023,51.6
Eastern and South-Eastern Asia (UN SDG),UNSDG_ESEA,2023,81.6
Latin America and the Caribbean (UN SDG),UNSDG_LAC,2023,57.4
Northern Africa and Western Asia (UN SDG),UNSDG_NAWA,2023,71.6
Oceania (UN SDG),UNSDG_OC,2023,93.3
Sub-Saharan Africa (UN SDG),UNSDG_SSA,2023,78.7
Uruguay,URY,2023,81.75
United States,USA,2023,41.97
Samoa,WSM,2023,100
Yemen,YEM,2023,37.8
South Africa,ZAF,2023,70.69
Zambia,ZMB,2023,85.71
Zimbabwe,ZWE,2023,80.95
